{"Bleu_1": 0.6634161036124164, "Bleu_2": 0.4809019909504734, "Bleu_3": 0.3141303218433441, "Bleu_4": 0.2110267573252259, "METEOR": 0.2179849241732958, "ROUGE_L": 0.4981662383625836, "CIDEr": 0.33443181238316033, "SPICE": 0.05282364436867422}