{"Bleu_1": 0.654746090605047, "Bleu_2": 0.4820976690148554, "Bleu_3": 0.3151958750789693, "Bleu_4": 0.2078218649347474, "METEOR": 0.21875795472104748, "ROUGE_L": 0.5030358497611536, "CIDEr": 0.32867167801902625, "SPICE": 0.050667287735789934}